{
    "metrics": {
        "http_req_connecting": {
            "p(95)": 0,
            "avg": 0.04402596315789473,
            "min": 0,
            "med": 0,
            "max": 7.847456,
            "p(90)": 0
        },
        "http_req_blocked": {
            "avg": 0.41010256315789145,
            "min": 0.000208,
            "med": 0.000834,
            "max": 96.172889,
            "p(90)": 0.0015,
            "p(95)": 0.001625
        },
        "http_req_failed": {
            "passes": 0,
            "fails": 1710,
            "thresholds": {
                "rate<0.01": false
            },
            "value": 0
        },
        "http_reqs": {
            "rate": 37.07566257312316,
            "count": 1710
        },
        "data_sent": {
            "count": 125678,
            "rate": 2724.909427406417
        },
        "vus": {
            "value": 4,
            "min": 4,
            "max": 10
        },
        "http_req_sending": {
            "max": 2.022458,
            "p(90)": 0.1665586,
            "p(95)": 0.19831699999999997,
            "avg": 0.10511635847953203,
            "min": 0.025083,
            "med": 0.092209
        },
        "data_received": {
            "count": 10629026,
            "rate": 230455.0768754111
        },
        "http_req_tls_handshaking": {
            "med": 0,
            "max": 85.304475,
            "p(90)": 0,
            "p(95)": 0,
            "avg": 0.34639743976608184,
            "min": 0
        },
        "checks": {
            "passes": 3420,
            "fails": 0,
            "value": 1
        },
        "vus_max": {
            "value": 10,
            "min": 10,
            "max": 10
        },
        "http_req_duration": {
            "avg": 65.80601642280682,
            "min": 6.274582,
            "med": 35.434011,
            "max": 1166.133337,
            "p(90)": 116.5043461,
            "p(95)": 132.56532274999998,
            "thresholds": {
                "p(95)<2500": false
            }
        },
        "http_req_duration{expected_response:true}": {
            "avg": 65.80601642280682,
            "min": 6.274582,
            "med": 35.434011,
            "max": 1166.133337,
            "p(90)": 116.5043461,
            "p(95)": 132.56532274999998
        },
        "http_req_receiving": {
            "p(90)": 6.508218300000001,
            "p(95)": 7.751654099999999,
            "avg": 2.01424525497076,
            "min": 0.011417,
            "med": 0.110083,
            "max": 92.275516
        },
        "iteration_duration": {
            "max": 3429.228656,
            "p(90)": 2693.1574976,
            "p(95)": 2857.849444449999,
            "avg": 2408.565117999999,
            "min": 2088.693989,
            "med": 2345.872269
        },
        "http_req_waiting": {
            "min": 6.03529,
            "med": 30.940512499999997,
            "max": 1165.894504,
            "p(90)": 114.28633880000002,
            "p(95)": 128.70018029999997,
            "avg": 63.68665480935677
        },
        "iterations": {
            "rate": 4.119518063680351,
            "count": 190
        }
    },
    "root_group": {
        "path": "",
        "id": "d41d8cd98f00b204e9800998ecf8427e",
        "groups": {},
        "checks": {
                "health status 200": {
                    "name": "health status 200",
                    "path": "::health status 200",
                    "id": "54cc6b20b1977b24d2246b3d411f7567",
                    "passes": 190,
                    "fails": 0
                },
                "health json-ish": {
                    "path": "::health json-ish",
                    "id": "5e0bccb51c0e3093564217553327b98f",
                    "passes": 190,
                    "fails": 0,
                    "name": "health json-ish"
                },
                "analytics_kpis status 200": {
                    "name": "analytics_kpis status 200",
                    "path": "::analytics_kpis status 200",
                    "id": "24a0bb6240e63269e59b50383aff64d6",
                    "passes": 190,
                    "fails": 0
                },
                "analytics_kpis json-ish": {
                    "path": "::analytics_kpis json-ish",
                    "id": "c4687a5fef9f8b3b7f5749fdc631a61b",
                    "passes": 190,
                    "fails": 0,
                    "name": "analytics_kpis json-ish"
                },
                "analytics_platforms status 200": {
                    "name": "analytics_platforms status 200",
                    "path": "::analytics_platforms status 200",
                    "id": "de0a077866e07dad36b5c4950acb0bb6",
                    "passes": 190,
                    "fails": 0
                },
                "analytics_platforms json-ish": {
                    "name": "analytics_platforms json-ish",
                    "path": "::analytics_platforms json-ish",
                    "id": "beded7902c0fe8d70a3b9e62372f0c6a",
                    "passes": 190,
                    "fails": 0
                },
                "analytics_sentiment status 200": {
                    "name": "analytics_sentiment status 200",
                    "path": "::analytics_sentiment status 200",
                    "id": "4d95a52b14aae86cab8ccec4bf950bc9",
                    "passes": 190,
                    "fails": 0
                },
                "analytics_sentiment json-ish": {
                    "name": "analytics_sentiment json-ish",
                    "path": "::analytics_sentiment json-ish",
                    "id": "8a3f1560b7322ebb699eb6309d7a28ea",
                    "passes": 190,
                    "fails": 0
                },
                "analytics_keywords status 200": {
                    "name": "analytics_keywords status 200",
                    "path": "::analytics_keywords status 200",
                    "id": "6afa7b4625680fd4fd25fcc6e5d3e288",
                    "passes": 190,
                    "fails": 0
                },
                "analytics_keywords json-ish": {
                    "fails": 0,
                    "name": "analytics_keywords json-ish",
                    "path": "::analytics_keywords json-ish",
                    "id": "739e51eb3a1052800164f219eee4754b",
                    "passes": 190
                },
                "posts_latest status 200": {
                    "name": "posts_latest status 200",
                    "path": "::posts_latest status 200",
                    "id": "0a4af1c8f45b51f347bc4de9a90269d0",
                    "passes": 190,
                    "fails": 0
                },
                "posts_latest json-ish": {
                    "name": "posts_latest json-ish",
                    "path": "::posts_latest json-ish",
                    "id": "0e107ce1ba4e8d248a88ed05c1fa0f79",
                    "passes": 190,
                    "fails": 0
                },
                "posts_engagement status 200": {
                    "path": "::posts_engagement status 200",
                    "id": "6173fc38a16febe4f8ecd91148938f47",
                    "passes": 190,
                    "fails": 0,
                    "name": "posts_engagement status 200"
                },
                "posts_engagement json-ish": {
                    "path": "::posts_engagement json-ish",
                    "id": "ce8b56ab8ea37c3ce7e8c9ddd64cf666",
                    "passes": 190,
                    "fails": 0,
                    "name": "posts_engagement json-ish"
                },
                "posts_page_2 status 200": {
                    "name": "posts_page_2 status 200",
                    "path": "::posts_page_2 status 200",
                    "id": "b0642c1e4754155a66a976797d7437e6",
                    "passes": 190,
                    "fails": 0
                },